{"cameraMode":{"drawMode":0,"name":"Shaded","section":"Shading Mode"},"sceneLighting":true,"audioPlay":false,"sceneViewState":{"showFog":true,"showMaterialUpdate":false,"showSkybox":true,"showFlares":true,"showImageEffects":true,"showParticleSystems":true},"in2DMode":false,"pivot":{"x":577.8370971679688,"y":-31.695289611816408,"z":692.4791259765625},"rotation":{"x":-0.0078039392828941349,"y":-0.038390956819057468,"z":0.00030025685555301607,"w":-0.9992372989654541},"size":208.40281677246095,"orthographic":false}